{"cameraMode":{"drawMode":0,"name":"Shaded","section":"Shading Mode"},"sceneLighting":true,"audioPlay":false,"sceneViewState":{"m_AlwaysRefresh":false,"showFog":true,"showSkybox":true,"showFlares":true,"showImageEffects":true,"showParticleSystems":true,"showVisualEffectGraphs":true,"m_FxEnabled":true},"in2DMode":false,"pivot":{"x":5.4417195320129398,"y":-4.3014445304870609,"z":12.456575393676758},"rotation":{"x":-0.14101754128932954,"y":-0.19408553838729859,"z":0.02820528857409954,"w":-0.9703934788703919},"size":12.151838302612305,"orthographic":false}